<?xml version="1.0" encoding="UTF-8"?>
<beans xmlns="http://www.springframework.org/schema/beans"
	xmlns:xsi="http://www.w3.org/2001/XMLSchema-instance"
	xmlns:mvc="http://www.springframework.org/schema/mvc"
	xmlns:context="http://www.springframework.org/schema/context"
	xsi:schemaLocation="http://www.springframework.org/schema/mvc http://www.springframework.org/schema/mvc/spring-mvc-3.1.xsd
		http://www.springframework.org/schema/beans http://www.springframework.org/schema/beans/spring-beans-3.1.xsd
		http://www.springframework.org/schema/context http://www.springframework.org/schema/context/spring-context-3.1.xsd">
	
	<context:component-scan base-package="com.revature.controllers" />
	<mvc:annotation-driven />
	
	<mvc:interceptors>
		<mvc:interceptor>
			<mvc:mapping path="/**/*"/>
				<bean id="webContentInterceptor" 
				class="org.springframework.web.servlet.mvc.WebContentInterceptor">
					<property name="cacheSeconds" value="0"></property>
					<property name="useExpiresHeader" value="true"></property>
					<property name="useCacheControlHeader" value="true"></property>
					<property name="useCacheControlNoStore" value="true"></property>
				</bean>
		</mvc:interceptor>
	</mvc:interceptors>
	
	<bean
		class="org.springframework.web.servlet.view.InternalResourceViewResolver">
		<property name="prefix" value="/WEB-INF/pages/" />
		<property name="suffix" value=".jsp" />
	</bean>
	
	<bean id="multipartResolver"
		class="org.springframework.web.multipart.commons.CommonsMultipartResolver">
		<property name="maxUploadSize" value="52428800" /> <!-- 50MB -->
	</bean>
	
	<import resource="spring-beans.xml"/>
</beans>
