<?xml version="1.0" encoding="UTF-8"?>
<beans xmlns="http://www.springframework.org/schema/beans"
	xmlns:xsi="http://www.w3.org/2001/XMLSchema-instance"
	xmlns:security="http://www.springframework.org/schema/security"
	xsi:schemaLocation="http://www.springframework.org/schema/beans http://www.springframework.org/schema/beans/spring-beans-3.1.xsd
		http://www.springframework.org/schema/security http://www.springframework.org/schema/security/spring-security-3.1.xsd">

<!-- CHECKS FOR THE USER'S ROLE, CALLED FROM SECURITY:JDBC-USER-SERVICE -->
	<bean id="roleHandler" class="com.revature.secure.AuthSuccessHandler" />
	
<!-- HTTP SECURITY FOR CONTROLLING ACCESS BASED ON ROLL -->	
	<security:http auto-config="true" use-expressions="true" create-session="always">

		<security:intercept-url pattern="/user-blogs/**" requires-channel="https" access="hasAnyRole('ADMIN','CONTRIBUTOR')"/>
		<security:intercept-url pattern="/all-blogs/**" requires-channel="https" access="hasAnyRole('ADMIN','CONTRIBUTOR')"/>
		<security:intercept-url pattern="/add-picture/**" requires-channel="https" access="hasAnyRole('ADMIN','CONTRIBUTOR')"/>
		<security:intercept-url pattern="/admin**" requires-channel="https" access="hasRole('ADMIN')"/>
		<security:intercept-url pattern="/contributor**" requires-channel="https" access="hasRole('CONTRIBUTOR')"/>
		<security:intercept-url pattern="/create-blog/**" requires-channel="https" access="hasAnyRole('CONTRIBUTOR','ADMIN')"/>
		<security:intercept-url pattern="/edit-blog/**" requires-channel="https" access="hasAnyRole('ADMIN','CONTRIBUTOR')"/>
		<security:intercept-url pattern="/management/**" requires-channel="https" access="hasRole('ADMIN')"/>
		<security:intercept-url pattern="/manageusers/**" requires-channel="https" access="hasRole('ADMIN')"/>
		<security:intercept-url pattern="/password/**" requires-channel="https" access="hasAnyRole('ADMIN','CONTRIBUTOR')"/>
		<security:intercept-url pattern="/preview-blog**" requires-channel="https" access="hasAnyRole('CONTRIBUTOR','ADMIN')" />
		<security:intercept-url pattern="/profile/**" requires-channel="https" access="hasAnyRole('ADMIN','CONTRIBUTOR')"/>
		<security:intercept-url pattern="/success/**" requires-channel="https" access="hasAnyRole('ADMIN','CONTRIBUTOR')"/>
		<security:intercept-url pattern="/resources/**" requires-channel="any" access="permitAll"/>
		<security:intercept-url pattern="/login**" requires-channel="http" access="permitAll"/>
		
		<!-- requires-channel="https"  -->

<!-- PORTS FOR HTTP AND HTTPS -->
	<security:port-mappings>
			<security:port-mapping http="7001" https="7002"/>
	</security:port-mappings>	

<!-- FORM-LOGIN SECURITY FOR THE LOGIN PAGE -->		
		<security:form-login  
			login-processing-url="/login" login-page="/loginPage"
			username-parameter="username"
			password-parameter="password"
			default-target-url="/home"
			authentication-success-handler-ref="roleHandler"
			authentication-failure-url="/loginPage?auth=fail" />
			
		<security:logout logout-url="/go-logout" logout-success-url="/loginPage?auth=logout"
			invalidate-session="true"  />
	</security:http>
	
<!-- AUTHENTICATION SECURITY FOR CALLING THE DATABASE AND QUERYING -->
	<security:authentication-manager>
		<security:authentication-provider>
			<security:password-encoder ref="loginEncoder" />
			<security:jdbc-user-service 
			id="userService" data-source-ref="dataSource"
			users-by-username-query="SELECT USER_EMAIL, USER_PASSWORD, USER_ACTIVE FROM PP_USER WHERE LOWER(USER_EMAIL)=LOWER(?)"
			authorities-by-username-query="SELECT U.USER_EMAIL, R.ROLE_ROLE 
											FROM PP_USER U, PP_ROLES R
											WHERE U.USER_ROLE = R.ROLE_ID
											AND LOWER(U.USER_EMAIL)=LOWER(?)"	
			/>
		</security:authentication-provider>
	</security:authentication-manager>
	
<!-- IMPORT THE RESOURCES OF THE OTHER XMLS -->
	<import resource="spring-beans.xml"/>
	<import resource="dispatcher-servlet.xml"/>
</beans>
